{
  "ref_width": 1024,
  "ref_height": 563,
  "aspect": "1024:563",
  "design_note": "Dual playmat: bottom mat normal; opponent mat rotated 180deg with zones mirrored on both axes.",
  "player": {
    "success_lives": { "x": 0.02978, "y": 0.28525, "w": 0.1289, "h": 0.23588 },
    "live_0": { "x": 0.2456, "y": 0.07069, "w": 0.1289, "h": 0.16767 },
    "live_1": { "x": 0.43994, "y": 0.0691, "w": 0.1289, "h": 0.1691 },
    "live_2": { "x": 0.63037, "y": 0.0691, "w": 0.1289, "h": 0.1691 },
    "stage_left": { "x": 0.24101, "y": 0.36146, "w": 0.09218, "h": 0.23446 },
    "stage_center": { "x": 0.45107, "y": 0.36146, "w": 0.09297, "h": 0.23446 },
    "stage_right": { "x": 0.64942, "y": 0.36146, "w": 0.09375, "h": 0.23446 },
    "energy_zone": { "x": 0.21484, "y": 0.692, "w": 0.57422, "h": 0.22 },
    "main_deck": { "x": 0.86709, "y": 0.05257, "w": 0.09297, "h": 0.23588 },
    "waiting_room": { "x": 0.86709, "y": 0.38472, "w": 0.09297, "h": 0.23588 },
    "energy_deck": { "x": 0.86719, "y": 0.71492, "w": 0.09375, "h": 0.23446 }
  }
}
